<?xml version="1.0" encoding="UTF-8"?>
<project-private xmlns="http://www.netbeans.org/ns/project-private/1">
    <data xmlns="http://www.netbeans.org/ns/make-project-private/1">
        <activeConfTypeElem>3</activeConfTypeElem>
        <activeConfIndexElem>0</activeConfIndexElem>
    </data>
    <editor-bookmarks xmlns="http://www.netbeans.org/ns/editor-bookmarks/2" lastBookmarkId="0"/>
    <open-files xmlns="http://www.netbeans.org/ns/projectui-open-files/2">
        <group>
            <file>file:/C:/Users/roxan/OneDrive/Desktop/Progra%202%20zzz/Lab%2001%20z%20z%20zz%20z/Lab01-2023-1/Lab3-Compilada/SobreCargas.h</file>
            <file>file:/C:/Users/roxan/OneDrive/Desktop/Progra%202%20zzz/Lab%2001%20z%20z%20zz%20z/Lab01-2023-1/Lab3-Compilada/SobreCargas.cpp</file>
            <file>file:/C:/Users/roxan/OneDrive/Desktop/Progra%202%20zzz/Lab%2001%20z%20z%20zz%20z/Lab01-2023-1/Lab3-Compilada/Estructuras.h</file>
        </group>
    </open-files>
</project-private>
