<?xml version="1.0" encoding="UTF-8"?>
<project-private xmlns="http://www.netbeans.org/ns/project-private/1">
    <data xmlns="http://www.netbeans.org/ns/make-project-private/1">
        <activeConfTypeElem>1</activeConfTypeElem>
        <activeConfIndexElem>0</activeConfIndexElem>
    </data>
    <editor-bookmarks xmlns="http://www.netbeans.org/ns/editor-bookmarks/2" lastBookmarkId="0"/>
    <open-files xmlns="http://www.netbeans.org/ns/projectui-open-files/2">
        <group>
            <file>file:/D:/PUCP/LP1/2024-2/Ejercicios/POO/PoliClientes/Deudor.cpp</file>
            <file>file:/D:/PUCP/LP1/2024-2/Ejercicios/POO/PoliClientes/Cliente.cpp</file>
            <file>file:/D:/PUCP/LP1/2024-2/Ejercicios/POO/PoliClientes/main.cpp</file>
            <file>file:/D:/PUCP/LP1/2024-2/Ejercicios/POO/PoliClientes/ClienteB.h</file>
            <file>file:/D:/PUCP/LP1/2024-2/Ejercicios/POO/PoliClientes/Procesa.h</file>
            <file>file:/D:/PUCP/LP1/2024-2/Ejercicios/POO/PoliClientes/Procesa.cpp</file>
            <file>file:/D:/PUCP/LP1/2024-2/Ejercicios/POO/PoliClientes/ClienteA.cpp</file>
            <file>file:/D:/PUCP/LP1/2024-2/Ejercicios/POO/PoliClientes/ClienteB.cpp</file>
            <file>file:/D:/PUCP/LP1/2024-2/Ejercicios/POO/PoliClientes/ClienteA.h</file>
            <file>file:/D:/PUCP/LP1/2024-2/Ejercicios/POO/PoliClientes/Cliente.h</file>
            <file>file:/D:/PUCP/LP1/2024-2/Ejercicios/POO/PoliClientes/ClienteC.h</file>
            <file>file:/D:/PUCP/LP1/2024-2/Ejercicios/POO/PoliClientes/ClienteC.cpp</file>
            <file>file:/D:/PUCP/LP1/2024-2/Ejercicios/POO/PoliClientes/Deudor.h</file>
        </group>
    </open-files>
</project-private>
