<?xml version="1.0" encoding="UTF-8"?>
<project-private xmlns="http://www.netbeans.org/ns/project-private/1">
    <data xmlns="http://www.netbeans.org/ns/make-project-private/1">
        <activeConfTypeElem>1</activeConfTypeElem>
        <activeConfIndexElem>0</activeConfIndexElem>
    </data>
    <editor-bookmarks xmlns="http://www.netbeans.org/ns/editor-bookmarks/2" lastBookmarkId="0"/>
    <open-files xmlns="http://www.netbeans.org/ns/projectui-open-files/2">
        <group>
            <file>file:/C:/Datos/PUCP/LP1/2024-2/POO/HerenciaPedidos/Producto.h</file>
            <file>file:/C:/Datos/PUCP/LP1/2024-2/POO/HerenciaPedidos/Cliente.h</file>
            <file>file:/C:/Datos/PUCP/LP1/2024-2/POO/HerenciaPedidos/main.cpp</file>
            <file>file:/C:/Datos/PUCP/LP1/2024-2/POO/HerenciaPedidos/Tienda.cpp</file>
            <file>file:/C:/Datos/PUCP/LP1/2024-2/POO/HerenciaPedidos/Producto.cpp</file>
            <file>file:/C:/Datos/PUCP/LP1/2024-2/POO/HerenciaPedidos/Tienda.h</file>
            <file>file:/C:/Datos/PUCP/LP1/2024-2/POO/HerenciaPedidos/Pedido.h</file>
            <file>file:/C:/Datos/PUCP/LP1/2024-2/POO/HerenciaPedidos/Pedido.cpp</file>
        </group>
    </open-files>
</project-private>
