<?xml version="1.0" encoding="UTF-8"?>
<project-private xmlns="http://www.netbeans.org/ns/project-private/1">
    <data xmlns="http://www.netbeans.org/ns/make-project-private/1">
        <activeConfTypeElem>1</activeConfTypeElem>
        <activeConfIndexElem>0</activeConfIndexElem>
    </data>
    <editor-bookmarks xmlns="http://www.netbeans.org/ns/editor-bookmarks/2" lastBookmarkId="0"/>
    <open-files xmlns="http://www.netbeans.org/ns/projectui-open-files/2">
        <group>
            <file>file:/C:/David/PUCP/2024-2/Algoritmos/Sesion12/Ejercicios/Lab4_2023_1_P1/main.cpp</file>
            <file>file:/C:/David/PUCP/2024-2/Algoritmos/Sesion12/Ejercicios/Lab4_2023_1_P1/Nodo.h</file>
            <file>file:/C:/David/PUCP/2024-2/Algoritmos/Sesion12/Ejercicios/Lab4_2023_1_P1/funcionesArbolesBinarios.h</file>
            <file>file:/C:/David/PUCP/2024-2/Algoritmos/Sesion12/Ejercicios/Lab4_2023_1_P1/funcionesLista.cpp</file>
            <file>file:/C:/David/PUCP/2024-2/Algoritmos/Sesion12/Ejercicios/Lab4_2023_1_P1/NodoArbol.h</file>
            <file>file:/C:/David/PUCP/2024-2/Algoritmos/Sesion12/Ejercicios/Lab4_2023_1_P1/funcionesCola.cpp</file>
        </group>
    </open-files>
</project-private>
