<?xml version="1.0" encoding="UTF-8"?>
<configurationDescriptor version="100">
  <logicalFolder name="root" displayName="root" projectFiles="true" kind="ROOT">
    <logicalFolder name="HeaderFiles"
                   displayName="Header Files"
                   projectFiles="true">
      <itemPath>Alumno.h</itemPath>
      <itemPath>Arbol.h</itemPath>
      <itemPath>Boleta.h</itemPath>
      <itemPath>Escala.h</itemPath>
      <itemPath>Nodo.h</itemPath>
      <itemPath>Presencial.h</itemPath>
      <itemPath>Semipresencial.h</itemPath>
      <itemPath>Tesoreria.h</itemPath>
      <itemPath>Virtual.h</itemPath>
    </logicalFolder>
    <logicalFolder name="ResourceFiles"
                   displayName="Resource Files"
                   projectFiles="true">
    </logicalFolder>
    <logicalFolder name="SourceFiles"
                   displayName="Source Files"
                   projectFiles="true">
      <itemPath>Alumno.cpp</itemPath>
      <itemPath>Arbol.cpp</itemPath>
      <itemPath>Boleta.cpp</itemPath>
      <itemPath>Escala.cpp</itemPath>
      <itemPath>Nodo.cpp</itemPath>
      <itemPath>Presencial.cpp</itemPath>
      <itemPath>Semipresencial.cpp</itemPath>
      <itemPath>Tesoreria.cpp</itemPath>
      <itemPath>Virtual.cpp</itemPath>
      <itemPath>main.cpp</itemPath>
    </logicalFolder>
    <logicalFolder name="TestFiles"
                   displayName="Test Files"
                   projectFiles="false"
                   kind="TEST_LOGICAL_FOLDER">
    </logicalFolder>
    <logicalFolder name="ExternalFiles"
                   displayName="Important Files"
                   projectFiles="false"
                   kind="IMPORTANT_FILES_FOLDER">
      <itemPath>Makefile</itemPath>
    </logicalFolder>
  </logicalFolder>
  <projectmakefile>Makefile</projectmakefile>
  <confs>
    <conf name="Debug" type="1">
      <toolsSet>
        <compilerSet>default</compilerSet>
        <dependencyChecking>true</dependencyChecking>
        <rebuildPropChanged>false</rebuildPropChanged>
      </toolsSet>
      <compileType>
        <ccTool>
          <standard>8</standard>
        </ccTool>
      </compileType>
      <item path="Alumno.cpp" ex="false" tool="1" flavor2="0">
      </item>
      <item path="Alumno.h" ex="false" tool="3" flavor2="0">
      </item>
      <item path="Arbol.cpp" ex="false" tool="1" flavor2="0">
      </item>
      <item path="Arbol.h" ex="false" tool="3" flavor2="0">
      </item>
      <item path="Boleta.cpp" ex="false" tool="1" flavor2="0">
      </item>
      <item path="Boleta.h" ex="false" tool="3" flavor2="0">
      </item>
      <item path="Escala.cpp" ex="false" tool="1" flavor2="0">
      </item>
      <item path="Escala.h" ex="false" tool="3" flavor2="0">
      </item>
      <item path="Nodo.cpp" ex="false" tool="1" flavor2="0">
      </item>
      <item path="Nodo.h" ex="false" tool="3" flavor2="0">
      </item>
      <item path="Presencial.cpp" ex="false" tool="1" flavor2="0">
      </item>
      <item path="Presencial.h" ex="false" tool="3" flavor2="0">
      </item>
      <item path="Semipresencial.cpp" ex="false" tool="1" flavor2="0">
      </item>
      <item path="Semipresencial.h" ex="false" tool="3" flavor2="0">
      </item>
      <item path="Tesoreria.cpp" ex="false" tool="1" flavor2="0">
      </item>
      <item path="Tesoreria.h" ex="false" tool="3" flavor2="0">
      </item>
      <item path="Virtual.cpp" ex="false" tool="1" flavor2="0">
      </item>
      <item path="Virtual.h" ex="false" tool="3" flavor2="0">
      </item>
      <item path="main.cpp" ex="false" tool="1" flavor2="0">
      </item>
    </conf>
    <conf name="Release" type="1">
      <toolsSet>
        <compilerSet>default</compilerSet>
        <dependencyChecking>true</dependencyChecking>
        <rebuildPropChanged>false</rebuildPropChanged>
      </toolsSet>
      <compileType>
        <cTool>
          <developmentMode>5</developmentMode>
        </cTool>
        <ccTool>
          <developmentMode>5</developmentMode>
          <standard>8</standard>
        </ccTool>
        <fortranCompilerTool>
          <developmentMode>5</developmentMode>
        </fortranCompilerTool>
        <asmTool>
          <developmentMode>5</developmentMode>
        </asmTool>
      </compileType>
      <item path="Alumno.cpp" ex="false" tool="1" flavor2="0">
      </item>
      <item path="Alumno.h" ex="false" tool="3" flavor2="0">
      </item>
      <item path="Arbol.cpp" ex="false" tool="1" flavor2="0">
      </item>
      <item path="Arbol.h" ex="false" tool="3" flavor2="0">
      </item>
      <item path="Boleta.cpp" ex="false" tool="1" flavor2="0">
      </item>
      <item path="Boleta.h" ex="false" tool="3" flavor2="0">
      </item>
      <item path="Escala.cpp" ex="false" tool="1" flavor2="0">
      </item>
      <item path="Escala.h" ex="false" tool="3" flavor2="0">
      </item>
      <item path="Nodo.cpp" ex="false" tool="1" flavor2="0">
      </item>
      <item path="Nodo.h" ex="false" tool="3" flavor2="0">
      </item>
      <item path="Presencial.cpp" ex="false" tool="1" flavor2="0">
      </item>
      <item path="Presencial.h" ex="false" tool="3" flavor2="0">
      </item>
      <item path="Semipresencial.cpp" ex="false" tool="1" flavor2="0">
      </item>
      <item path="Semipresencial.h" ex="false" tool="3" flavor2="0">
      </item>
      <item path="Tesoreria.cpp" ex="false" tool="1" flavor2="0">
      </item>
      <item path="Tesoreria.h" ex="false" tool="3" flavor2="0">
      </item>
      <item path="Virtual.cpp" ex="false" tool="1" flavor2="0">
      </item>
      <item path="Virtual.h" ex="false" tool="3" flavor2="0">
      </item>
      <item path="main.cpp" ex="false" tool="1" flavor2="0">
      </item>
    </conf>
  </confs>
</configurationDescriptor>
