<?xml version="1.0" encoding="UTF-8"?>
<project-private xmlns="http://www.netbeans.org/ns/project-private/1">
    <data xmlns="http://www.netbeans.org/ns/make-project-private/1">
        <activeConfTypeElem>1</activeConfTypeElem>
        <activeConfIndexElem>0</activeConfIndexElem>
    </data>
    <editor-bookmarks xmlns="http://www.netbeans.org/ns/editor-bookmarks/2" lastBookmarkId="0"/>
    <open-files xmlns="http://www.netbeans.org/ns/projectui-open-files/2">
        <group>
            <file>file:/D:/anaro/Documents/Dictando/2024-1/Algoritmia%20y%20Estructura%20de%20Datos/Semana%2014%20-%20Grafos%20usando%20vector/GrafosEnClase/funcionesVertice.cpp</file>
            <file>file:/D:/anaro/Documents/Dictando/2024-1/Algoritmia%20y%20Estructura%20de%20Datos/Semana%2014%20-%20Grafos%20usando%20vector/GrafosEnClase/main.cpp</file>
            <file>file:/D:/anaro/Documents/Dictando/2024-1/Algoritmia%20y%20Estructura%20de%20Datos/Semana%2014%20-%20Grafos%20usando%20vector/GrafosEnClase/Vertice.h</file>
            <file>file:/D:/anaro/Documents/Dictando/2024-1/Algoritmia%20y%20Estructura%20de%20Datos/Semana%2014%20-%20Grafos%20usando%20vector/GrafosEnClase/NodoVertice.h</file>
            <file>file:/D:/anaro/Documents/Dictando/2024-1/Algoritmia%20y%20Estructura%20de%20Datos/Semana%2014%20-%20Grafos%20usando%20vector/GrafosEnClase/Lista.h</file>
            <file>file:/D:/anaro/Documents/Dictando/2024-1/Algoritmia%20y%20Estructura%20de%20Datos/Semana%2014%20-%20Grafos%20usando%20vector/GrafosEnClase/Grafo.h</file>
            <file>file:/D:/anaro/Documents/Dictando/2024-1/Algoritmia%20y%20Estructura%20de%20Datos/Semana%2014%20-%20Grafos%20usando%20vector/GrafosEnClase/funcionesVertice.h</file>
            <file>file:/D:/anaro/Documents/Dictando/2024-1/Algoritmia%20y%20Estructura%20de%20Datos/Semana%2014%20-%20Grafos%20usando%20vector/GrafosEnClase/funcionesArista.cpp</file>
            <file>file:/D:/anaro/Documents/Dictando/2024-1/Algoritmia%20y%20Estructura%20de%20Datos/Semana%2014%20-%20Grafos%20usando%20vector/GrafosEnClase/Grafo.cpp</file>
            <file>file:/D:/anaro/Documents/Dictando/2024-1/Algoritmia%20y%20Estructura%20de%20Datos/Semana%2014%20-%20Grafos%20usando%20vector/GrafosEnClase/Arista.h</file>
            <file>file:/D:/anaro/Documents/Dictando/2024-1/Algoritmia%20y%20Estructura%20de%20Datos/Semana%2014%20-%20Grafos%20usando%20vector/GrafosEnClase/NodoArista.h</file>
            <file>file:/D:/anaro/Documents/Dictando/2024-1/Algoritmia%20y%20Estructura%20de%20Datos/Semana%2014%20-%20Grafos%20usando%20vector/GrafosEnClase/funcionesGrafo.h</file>
            <file>file:/D:/anaro/Documents/Dictando/2024-1/Algoritmia%20y%20Estructura%20de%20Datos/Semana%2014%20-%20Grafos%20usando%20vector/GrafosEnClase/funcionesArista.h</file>
        </group>
    </open-files>
</project-private>
