<?xml version="1.0" encoding="UTF-8"?>
<configurationDescriptor version="100">
  <logicalFolder name="root" displayName="root" projectFiles="true" kind="ROOT">
    <logicalFolder name="HeaderFiles"
                   displayName="Header Files"
                   projectFiles="true">
      <itemPath>Arista.h</itemPath>
      <itemPath>Grafo.h</itemPath>
      <itemPath>NodoArista.h</itemPath>
      <itemPath>NodoVertice.h</itemPath>
      <itemPath>Vertice.h</itemPath>
      <itemPath>funcionesArista.h</itemPath>
      <itemPath>funcionesGrafo.h</itemPath>
      <itemPath>funcionesVertice.h</itemPath>
    </logicalFolder>
    <logicalFolder name="ResourceFiles"
                   displayName="Resource Files"
                   projectFiles="true">
    </logicalFolder>
    <logicalFolder name="SourceFiles"
                   displayName="Source Files"
                   projectFiles="true">
      <itemPath>Grafo.cpp</itemPath>
      <itemPath>funcionesArista.cpp</itemPath>
      <itemPath>funcionesVertice.cpp</itemPath>
      <itemPath>main.cpp</itemPath>
    </logicalFolder>
    <logicalFolder name="TestFiles"
                   displayName="Test Files"
                   projectFiles="false"
                   kind="TEST_LOGICAL_FOLDER">
    </logicalFolder>
    <logicalFolder name="ExternalFiles"
                   displayName="Important Files"
                   projectFiles="false"
                   kind="IMPORTANT_FILES_FOLDER">
      <itemPath>Makefile</itemPath>
    </logicalFolder>
  </logicalFolder>
  <projectmakefile>Makefile</projectmakefile>
  <confs>
    <conf name="Debug" type="1">
      <toolsSet>
        <compilerSet>default</compilerSet>
        <dependencyChecking>true</dependencyChecking>
        <rebuildPropChanged>false</rebuildPropChanged>
      </toolsSet>
      <compileType>
      </compileType>
      <item path="Arista.h" ex="false" tool="3" flavor2="0">
      </item>
      <item path="Grafo.cpp" ex="false" tool="1" flavor2="0">
      </item>
      <item path="Grafo.h" ex="false" tool="3" flavor2="0">
      </item>
      <item path="NodoArista.h" ex="false" tool="3" flavor2="0">
      </item>
      <item path="NodoVertice.h" ex="false" tool="3" flavor2="0">
      </item>
      <item path="Vertice.h" ex="false" tool="3" flavor2="0">
      </item>
      <item path="funcionesArista.cpp" ex="false" tool="1" flavor2="0">
      </item>
      <item path="funcionesArista.h" ex="false" tool="3" flavor2="0">
      </item>
      <item path="funcionesGrafo.h" ex="false" tool="3" flavor2="0">
      </item>
      <item path="funcionesVertice.cpp" ex="false" tool="1" flavor2="0">
      </item>
      <item path="funcionesVertice.h" ex="false" tool="3" flavor2="0">
      </item>
      <item path="main.cpp" ex="false" tool="1" flavor2="0">
      </item>
    </conf>
    <conf name="Release" type="1">
      <toolsSet>
        <compilerSet>default</compilerSet>
        <dependencyChecking>true</dependencyChecking>
        <rebuildPropChanged>false</rebuildPropChanged>
      </toolsSet>
      <compileType>
        <cTool>
          <developmentMode>5</developmentMode>
        </cTool>
        <ccTool>
          <developmentMode>5</developmentMode>
        </ccTool>
        <fortranCompilerTool>
          <developmentMode>5</developmentMode>
        </fortranCompilerTool>
        <asmTool>
          <developmentMode>5</developmentMode>
        </asmTool>
      </compileType>
      <item path="Arista.h" ex="false" tool="3" flavor2="0">
      </item>
      <item path="Grafo.cpp" ex="false" tool="1" flavor2="0">
      </item>
      <item path="Grafo.h" ex="false" tool="3" flavor2="0">
      </item>
      <item path="NodoArista.h" ex="false" tool="3" flavor2="0">
      </item>
      <item path="NodoVertice.h" ex="false" tool="3" flavor2="0">
      </item>
      <item path="Vertice.h" ex="false" tool="3" flavor2="0">
      </item>
      <item path="funcionesArista.cpp" ex="false" tool="1" flavor2="0">
      </item>
      <item path="funcionesArista.h" ex="false" tool="3" flavor2="0">
      </item>
      <item path="funcionesGrafo.h" ex="false" tool="3" flavor2="0">
      </item>
      <item path="funcionesVertice.cpp" ex="false" tool="1" flavor2="0">
      </item>
      <item path="funcionesVertice.h" ex="false" tool="3" flavor2="0">
      </item>
      <item path="main.cpp" ex="false" tool="1" flavor2="0">
      </item>
    </conf>
  </confs>
</configurationDescriptor>
