<?xml version="1.0" encoding="UTF-8"?>
<project-private xmlns="http://www.netbeans.org/ns/project-private/1">
    <data xmlns="http://www.netbeans.org/ns/make-project-private/1">
        <activeConfTypeElem>1</activeConfTypeElem>
        <activeConfIndexElem>0</activeConfIndexElem>
    </data>
    <editor-bookmarks xmlns="http://www.netbeans.org/ns/editor-bookmarks/2" lastBookmarkId="0"/>
    <open-files xmlns="http://www.netbeans.org/ns/projectui-open-files/2">
        <group>
            <file>file:/C:/Rodrigo/PUCP/FCI/5to%20Ciclo/Algoritmia/TAD/Parcial%2023-1%20-%20Preg1/Pilas.h</file>
            <file>file:/C:/Rodrigo/PUCP/FCI/5to%20Ciclo/Algoritmia/TAD/Parcial%2023-1%20-%20Preg1/funcionesLista.h</file>
            <file>file:/C:/Rodrigo/PUCP/FCI/5to%20Ciclo/Algoritmia/TAD/Parcial%2023-1%20-%20Preg1/Cola.h</file>
            <file>file:/C:/Rodrigo/PUCP/FCI/5to%20Ciclo/Algoritmia/TAD/Parcial%2023-1%20-%20Preg1/Nodo.h</file>
            <file>file:/C:/Rodrigo/PUCP/FCI/5to%20Ciclo/Algoritmia/TAD/Parcial%2023-1%20-%20Preg1/funcionesCola.cpp</file>
            <file>file:/C:/Rodrigo/PUCP/FCI/5to%20Ciclo/Algoritmia/TAD/Parcial%2023-1%20-%20Preg1/main.cpp</file>
            <file>file:/C:/Rodrigo/PUCP/FCI/5to%20Ciclo/Algoritmia/TAD/Parcial%2023-1%20-%20Preg1/funcionesLista.cpp</file>
            <file>file:/C:/Rodrigo/PUCP/FCI/5to%20Ciclo/Algoritmia/TAD/Parcial%2023-1%20-%20Preg1/Lista.h</file>
        </group>
    </open-files>
</project-private>
