<?xml version="1.0" encoding="UTF-8"?>
<project-private xmlns="http://www.netbeans.org/ns/project-private/1">
    <data xmlns="http://www.netbeans.org/ns/make-project-private/1">
        <activeConfTypeElem>1</activeConfTypeElem>
        <activeConfIndexElem>0</activeConfIndexElem>
    </data>
    <editor-bookmarks xmlns="http://www.netbeans.org/ns/editor-bookmarks/2" lastBookmarkId="0"/>
    <open-files xmlns="http://www.netbeans.org/ns/projectui-open-files/2">
        <group>
            <file>file:/E:/Algoritmia%20y%20Estructura%20de%20Datos/Semana%2010%20-%20Arboles%20Binarios/ArbolesBinarios/ArbolBinario.h</file>
            <file>file:/E:/Algoritmia%20y%20Estructura%20de%20Datos/Semana%2010%20-%20Arboles%20Binarios/ArbolesBinarios/funcionesArbolesBinarios.cpp</file>
            <file>file:/E:/Algoritmia%20y%20Estructura%20de%20Datos/Semana%2010%20-%20Arboles%20Binarios/ArbolesBinarios/funcionesArbolesBinarios.h</file>
            <file>file:/E:/Algoritmia%20y%20Estructura%20de%20Datos/Semana%2010%20-%20Arboles%20Binarios/ArbolesBinarios/main.cpp</file>
            <file>file:/E:/Algoritmia%20y%20Estructura%20de%20Datos/Semana%2010%20-%20Arboles%20Binarios/ArbolesBinarios/NodoArbol.h</file>
        </group>
    </open-files>
</project-private>
