<?xml version="1.0" encoding="UTF-8"?>
<project-private xmlns="http://www.netbeans.org/ns/project-private/1">
    <data xmlns="http://www.netbeans.org/ns/make-project-private/1">
        <activeConfTypeElem>1</activeConfTypeElem>
        <activeConfIndexElem>0</activeConfIndexElem>
    </data>
    <editor-bookmarks xmlns="http://www.netbeans.org/ns/editor-bookmarks/2" lastBookmarkId="0"/>
    <open-files xmlns="http://www.netbeans.org/ns/projectui-open-files/2">
        <group>
            <file>file:/C:/Datos/PUCP/LP1/2024-1/Evaluaciones/Lab9/AEstantes/NLibro.cpp</file>
            <file>file:/C:/Datos/PUCP/LP1/2024-1/Evaluaciones/Lab9/AEstantes/NLibro.h</file>
            <file>file:/C:/Datos/PUCP/LP1/2024-1/Evaluaciones/Lab9/AEstantes/Biblioteca.cpp</file>
            <file>file:/C:/Datos/PUCP/LP1/2024-1/Evaluaciones/Lab9/AEstantes/Novela.h</file>
            <file>file:/C:/Datos/PUCP/LP1/2024-1/Evaluaciones/Lab9/AEstantes/NEstante.h</file>
            <file>file:/C:/Datos/PUCP/LP1/2024-1/Evaluaciones/Lab9/AEstantes/Biblioteca.h</file>
            <file>file:/C:/Datos/PUCP/LP1/2024-1/Evaluaciones/Lab9/AEstantes/Arbol.cpp</file>
            <file>file:/C:/Datos/PUCP/LP1/2024-1/Evaluaciones/Lab9/AEstantes/main.cpp</file>
            <file>file:/C:/Datos/PUCP/LP1/2024-1/Evaluaciones/Lab9/AEstantes/Revista.h</file>
            <file>file:/C:/Datos/PUCP/LP1/2024-1/Evaluaciones/Lab9/AEstantes/NEstante.cpp</file>
            <file>file:/C:/Datos/PUCP/LP1/2024-1/Evaluaciones/Lab9/AEstantes/Arbol.h</file>
        </group>
    </open-files>
</project-private>
