<?xml version="1.0" encoding="UTF-8"?>
<project-private xmlns="http://www.netbeans.org/ns/project-private/1">
    <data xmlns="http://www.netbeans.org/ns/make-project-private/1">
        <activeConfTypeElem>1</activeConfTypeElem>
        <activeConfIndexElem>0</activeConfIndexElem>
    </data>
    <editor-bookmarks xmlns="http://www.netbeans.org/ns/editor-bookmarks/2" lastBookmarkId="0"/>
    <open-files xmlns="http://www.netbeans.org/ns/projectui-open-files/2">
        <group>
            <file>file:/D:/anaro/Documents/Dictando/2024-2/AlgoritmiayEstructuraDeDatos/Clase%2010/ArbolBinarioClase/funciones.cpp</file>
            <file>file:/D:/anaro/Documents/Dictando/2024-2/AlgoritmiayEstructuraDeDatos/Clase%2010/ArbolBinarioClase/NodoArbol.h</file>
            <file>file:/D:/anaro/Documents/Dictando/2024-2/AlgoritmiayEstructuraDeDatos/Clase%2010/ArbolBinarioClase/main.cpp</file>
            <file>file:/D:/anaro/Documents/Dictando/2024-2/AlgoritmiayEstructuraDeDatos/Clase%2010/ArbolBinarioClase/funcionesCola.cpp</file>
            <file>file:/D:/anaro/Documents/Dictando/2024-2/AlgoritmiayEstructuraDeDatos/Clase%2010/ArbolBinarioClase/Cola.h</file>
            <file>file:/D:/anaro/Documents/Dictando/2024-2/AlgoritmiayEstructuraDeDatos/Clase%2010/ArbolBinarioClase/funcionesLista.h</file>
            <file>file:/D:/anaro/Documents/Dictando/2024-2/AlgoritmiayEstructuraDeDatos/Clase%2010/ArbolBinarioClase/Lista.h</file>
            <file>file:/D:/anaro/Documents/Dictando/2024-2/AlgoritmiayEstructuraDeDatos/Clase%2010/ArbolBinarioClase/ArbolB.h</file>
            <file>file:/D:/anaro/Documents/Dictando/2024-2/AlgoritmiayEstructuraDeDatos/Clase%2010/ArbolBinarioClase/Nodo.h</file>
            <file>file:/D:/anaro/Documents/Dictando/2024-2/AlgoritmiayEstructuraDeDatos/Clase%2010/ArbolBinarioClase/funcionesCola.h</file>
            <file>file:/D:/anaro/Documents/Dictando/2024-2/AlgoritmiayEstructuraDeDatos/Clase%2010/ArbolBinarioClase/funciones.h</file>
            <file>file:/D:/anaro/Documents/Dictando/2024-2/AlgoritmiayEstructuraDeDatos/Clase%2010/ArbolBinarioClase/funcionesLista.cpp</file>
            <file>file:/D:/anaro/Documents/Dictando/2024-2/AlgoritmiayEstructuraDeDatos/Clase%2010/ArbolBinarioClase/Persona.h</file>
        </group>
    </open-files>
</project-private>
