<?xml version="1.0" encoding="UTF-8"?>
<project-private xmlns="http://www.netbeans.org/ns/project-private/1">
    <data xmlns="http://www.netbeans.org/ns/make-project-private/1">
        <activeConfTypeElem>1</activeConfTypeElem>
        <activeConfIndexElem>0</activeConfIndexElem>
    </data>
    <editor-bookmarks xmlns="http://www.netbeans.org/ns/editor-bookmarks/2" lastBookmarkId="0"/>
    <open-files xmlns="http://www.netbeans.org/ns/projectui-open-files/2">
        <group>
            <file>file:/D:/anaro/Documents/Dictando/2024-2/AlgoritmiayEstructuraDeDatos/Clase%2011/ArbolesBinarios_Lab4/funcionesLista.cpp</file>
            <file>file:/D:/anaro/Documents/Dictando/2024-2/AlgoritmiayEstructuraDeDatos/Clase%2011/ArbolesBinarios_Lab4/Nodo.h</file>
            <file>file:/D:/anaro/Documents/Dictando/2024-2/AlgoritmiayEstructuraDeDatos/Clase%2011/ArbolesBinarios_Lab4/main.cpp</file>
            <file>file:/D:/anaro/Documents/Dictando/2024-2/AlgoritmiayEstructuraDeDatos/Clase%2011/ArbolesBinarios_Lab4/NodoArbol.h</file>
            <file>file:/D:/anaro/Documents/Dictando/2024-2/AlgoritmiayEstructuraDeDatos/Clase%2011/ArbolesBinarios_Lab4/funcionesArbolesBinarios.cpp</file>
            <file>file:/D:/anaro/Documents/Dictando/2024-2/AlgoritmiayEstructuraDeDatos/Clase%2011/ArbolesBinarios_Lab4/Elemento.h</file>
            <file>file:/D:/anaro/Documents/Dictando/2024-2/AlgoritmiayEstructuraDeDatos/Clase%2011/ArbolesBinarios_Lab4/ArbolBinario.h</file>
            <file>file:/D:/anaro/Documents/Dictando/2024-2/AlgoritmiayEstructuraDeDatos/Clase%2011/ArbolesBinarios_Lab4/funcionesCola.cpp</file>
        </group>
    </open-files>
</project-private>
