<?xml version="1.0" encoding="UTF-8"?>
<project-private xmlns="http://www.netbeans.org/ns/project-private/1">
    <data xmlns="http://www.netbeans.org/ns/make-project-private/1">
        <activeConfTypeElem>1</activeConfTypeElem>
        <activeConfIndexElem>0</activeConfIndexElem>
    </data>
    <editor-bookmarks xmlns="http://www.netbeans.org/ns/editor-bookmarks/2" lastBookmarkId="0"/>
    <open-files xmlns="http://www.netbeans.org/ns/projectui-open-files/2">
        <group>
            <file>file:/D:/anaro/Documents/Dictando/2024-1/Algoritmia%20y%20Estructura%20de%20Datos/Laboratorios/Laboratorio%204/ArbolesBinarios/funcionesLista.cpp</file>
            <file>file:/D:/anaro/Documents/Dictando/2024-1/Algoritmia%20y%20Estructura%20de%20Datos/Laboratorios/Laboratorio%204/ArbolesBinarios/funcionesArbolesBinarios.cpp</file>
            <file>file:/D:/anaro/Documents/Dictando/2024-1/Algoritmia%20y%20Estructura%20de%20Datos/Laboratorios/Laboratorio%204/ArbolesBinarios/funcionesArbolesBinarios.h</file>
            <file>file:/D:/anaro/Documents/Dictando/2024-1/Algoritmia%20y%20Estructura%20de%20Datos/Laboratorios/Laboratorio%204/ArbolesBinarios/ArbolBinario.h</file>
            <file>file:/D:/anaro/Documents/Dictando/2024-1/Algoritmia%20y%20Estructura%20de%20Datos/Laboratorios/Laboratorio%204/ArbolesBinarios/funcionesLista.h</file>
            <file>file:/D:/anaro/Documents/Dictando/2024-1/Algoritmia%20y%20Estructura%20de%20Datos/Laboratorios/Laboratorio%204/ArbolesBinarios/Elemento.h</file>
            <file>file:/D:/anaro/Documents/Dictando/2024-1/Algoritmia%20y%20Estructura%20de%20Datos/Laboratorios/Laboratorio%204/ArbolesBinarios/Lista.h</file>
            <file>file:/D:/anaro/Documents/Dictando/2024-1/Algoritmia%20y%20Estructura%20de%20Datos/Laboratorios/Laboratorio%204/ArbolesBinarios/funcionesCola.h</file>
            <file>file:/D:/anaro/Documents/Dictando/2024-1/Algoritmia%20y%20Estructura%20de%20Datos/Laboratorios/Laboratorio%204/ArbolesBinarios/Cola.h</file>
            <file>file:/D:/anaro/Documents/Dictando/2024-1/Algoritmia%20y%20Estructura%20de%20Datos/Laboratorios/Laboratorio%204/ArbolesBinarios/Nodo.h</file>
            <file>file:/D:/anaro/Documents/Dictando/2024-1/Algoritmia%20y%20Estructura%20de%20Datos/Laboratorios/Laboratorio%204/ArbolesBinarios/NodoArbol.h</file>
            <file>file:/D:/anaro/Documents/Dictando/2024-1/Algoritmia%20y%20Estructura%20de%20Datos/Laboratorios/Laboratorio%204/ArbolesBinarios/main.cpp</file>
            <file>file:/D:/anaro/Documents/Dictando/2024-1/Algoritmia%20y%20Estructura%20de%20Datos/Laboratorios/Laboratorio%204/ArbolesBinarios/funcionesCola.cpp</file>
        </group>
    </open-files>
</project-private>
