<?xml version="1.0" encoding="UTF-8"?>
<project-private xmlns="http://www.netbeans.org/ns/project-private/1">
    <data xmlns="http://www.netbeans.org/ns/make-project-private/1">
        <activeConfTypeElem>1</activeConfTypeElem>
        <activeConfIndexElem>0</activeConfIndexElem>
    </data>
    <editor-bookmarks xmlns="http://www.netbeans.org/ns/editor-bookmarks/2" lastBookmarkId="0"/>
    <open-files xmlns="http://www.netbeans.org/ns/projectui-open-files/2">
        <group>
            <file>file:/D:/PUCP/LP1/2024-2/Ejercicios/POO/ObjPedidosClientes/Funciones.cpp</file>
            <file>file:/D:/PUCP/LP1/2024-2/Ejercicios/POO/ObjPedidosClientes/Clientes.h</file>
            <file>file:/D:/PUCP/LP1/2024-2/Ejercicios/POO/ObjPedidosClientes/Pedido.h</file>
            <file>file:/D:/PUCP/LP1/2024-2/Ejercicios/POO/ObjPedidosClientes/Funciones.h</file>
            <file>file:/D:/PUCP/LP1/2024-2/Ejercicios/POO/ObjPedidosClientes/main.cpp</file>
            <file>file:/D:/PUCP/LP1/2024-2/Ejercicios/POO/ObjPedidosClientes/Clientes.cpp</file>
            <file>file:/D:/PUCP/LP1/2024-2/Ejercicios/POO/ObjPedidosClientes/Pedido.cpp</file>
        </group>
    </open-files>
</project-private>
