N,El nombre de la rosa,105,0.6,Umberto Eco
R,Boletin de Arqueologia PUCP,48,0.15,10292004,2020,3
E,ENCICLOPEDIA VIDA SALVAJE DEL MUNDO,480,5.5,17974,2020
N,Don Quijote de la Mancha,120,1,Miguel de Cervantes
N,Paris era una fiesta,120,0.5,Hernest Hemingway
N,El eterno marido,120,0.5,Fiodor Dostoyevski
N,La transformacion del mundo,120,0.5,J rgen Osterhammel
N,La isla del tesoro,120,0.5,Robert Louis Stevenson
N,Juego de tronos,120,0.7,George R.R.Martin
E,ATLAS ILUSTRADO - MATEMATICAS E INFORMATICA,252,1.5,46903,2022
N,El club Dumas,98,1,Arturo Perez-Reverte
E,ANIMALES: UNA EXPLORACION DEL MUNDO ZOOLOGICO,350,4.5,22685,2018
N,Harry Potter y la piedra filosofal (Harry Potter 1),87,0.4,J. K. Rowling
N,Palmeras en la nieve,98,0.4,Luz Gabas
N,El conde de Montecristo,120,0.7,Alexandre Dumas
N,Alicia en el pais de las maravillas,100,0.4,Lewis Carroll
N,El extranio caso del Dr. Jekyll y Mr. Hyde,100,0.7,Robert Louis Stevenson
N,El medievo cristiano,100,0.4,Mario Merlino
N,Justine o los infortunios,100,0.4,Charles Dickens
N,Ricardo III,100,0.7,William Shakespeare
E,HISTORIA DEL PERU,1500,8,6768,2000
