<?xml version="1.0" encoding="UTF-8"?>
<project-private xmlns="http://www.netbeans.org/ns/project-private/1">
    <data xmlns="http://www.netbeans.org/ns/make-project-private/1">
        <activeConfTypeElem>1</activeConfTypeElem>
        <activeConfIndexElem>0</activeConfIndexElem>
    </data>
    <editor-bookmarks xmlns="http://www.netbeans.org/ns/editor-bookmarks/2" lastBookmarkId="0"/>
    <open-files xmlns="http://www.netbeans.org/ns/projectui-open-files/2">
        <group>
            <file>file:/C:/Rodrigo/PUCP/FCI/5to%20Ciclo/Algoritmia/ArbolesBinarios/MacroSoft%2022-1/funcionesArbolesBinarios.cpp</file>
            <file>file:/C:/Rodrigo/PUCP/FCI/5to%20Ciclo/Algoritmia/ArbolesBinarios/MacroSoft%2022-1/main.cpp</file>
            <file>file:/C:/Rodrigo/PUCP/FCI/5to%20Ciclo/Algoritmia/ArbolesBinarios/MacroSoft%2022-1/funcionesArbolesBinarios.h</file>
            <file>file:/C:/Rodrigo/PUCP/FCI/5to%20Ciclo/Algoritmia/ArbolesBinarios/MacroSoft%2022-1/NodoArbol.h</file>
            <file>file:/C:/Rodrigo/PUCP/FCI/5to%20Ciclo/Algoritmia/ArbolesBinarios/MacroSoft%2022-1/ArbolBinario.h</file>
            <file>file:/C:/Rodrigo/PUCP/FCI/5to%20Ciclo/Algoritmia/ArbolesBinarios/MacroSoft%2022-1/funcionesArbolesBB.cpp</file>
        </group>
    </open-files>
</project-private>
