<?xml version="1.0" encoding="UTF-8"?>
<project-private xmlns="http://www.netbeans.org/ns/project-private/1">
    <data xmlns="http://www.netbeans.org/ns/make-project-private/1">
        <activeConfTypeElem>1</activeConfTypeElem>
        <activeConfIndexElem>0</activeConfIndexElem>
    </data>
    <editor-bookmarks xmlns="http://www.netbeans.org/ns/editor-bookmarks/2" lastBookmarkId="0"/>
    <open-files xmlns="http://www.netbeans.org/ns/projectui-open-files/2">
        <group>
            <file>file:/C:/Users/Ariana/OneDrive/Documentos/NetBeansProjects/PROGRA%202%20(2024-2)/.LABS%20PASADOS/LAB%204/LAB04_2023-2/PunterosGenericos.cpp</file>
            <file>file:/C:/Users/Ariana/OneDrive/Documentos/NetBeansProjects/PROGRA%202%20(2024-2)/.LABS%20PASADOS/LAB%204/LAB04_2023-2/main.cpp</file>
            <file>file:/C:/Users/Ariana/OneDrive/Documentos/NetBeansProjects/PROGRA%202%20(2024-2)/.LABS%20PASADOS/LAB%204/LAB04_2023-2/PunterosGenericos.h</file>
        </group>
    </open-files>
</project-private>
